./audio/bg.mp3,bg
./audio/click.mp3,click
./audio/computerNoise_000.ogg,computerNoise_000
./audio/computerNoise_001.ogg,computerNoise_001
./audio/computerNoise_002.ogg,computerNoise_002
./audio/computerNoise_003.ogg,computerNoise_003
./audio/confirm_001.ogg,confirm_001
./audio/doorClose_000.ogg,doorClose_000
./audio/doorClose_001.ogg,doorClose_001
./audio/doorClose_002.ogg,doorClose_002
./audio/doorOpen_000.ogg,doorOpen_000
./audio/doorOpen_001.ogg,doorOpen_001
./audio/doorOpen_002.ogg,doorOpen_002
./audio/engineCircular_000.ogg,engineCircular_000
./audio/engineCircular_001.ogg,engineCircular_001
./audio/engineCircular_002.ogg,engineCircular_002
./audio/engineCircular_003.ogg,engineCircular_003
./audio/engineCircular_004.ogg,engineCircular_004
./audio/explosionCrunch_000.ogg,explosionCrunch_000
./audio/explosionCrunch_001.ogg,explosionCrunch_001
./audio/explosionCrunch_002.ogg,explosionCrunch_002
./audio/explosionCrunch_003.ogg,explosionCrunch_003
./audio/explosionCrunch_004.ogg,explosionCrunch_004
./audio/forceField_000.ogg,forceField_000
./audio/forceField_001.ogg,forceField_001
./audio/forceField_002.ogg,forceField_002
./audio/forceField_003.ogg,forceField_003
./audio/forceField_004.ogg,forceField_004
./audio/impactMetal_000.ogg,impactMetal_000
./audio/impactMetal_001.ogg,impactMetal_001
./audio/impactMetal_002.ogg,impactMetal_002
./audio/impactMetal_003.ogg,impactMetal_003
./audio/impactMetal_004.ogg,impactMetal_004
./audio/industrial.mp3,industrial
./audio/industrial.wav,industrial.wav
./audio/laserLarge_000.ogg,laserLarge_000
./audio/laserLarge_001.ogg,laserLarge_001
./audio/laserLarge_002.ogg,laserLarge_002
./audio/laserLarge_003.ogg,laserLarge_003
./audio/laserLarge_004.ogg,laserLarge_004
./audio/laserRetro_000.ogg,laserRetro_000
./audio/laserRetro_001.ogg,laserRetro_001
./audio/laserRetro_002.ogg,laserRetro_002
./audio/laserRetro_003.ogg,laserRetro_003
./audio/laserRetro_004.ogg,laserRetro_004
./audio/laserSmall_000.ogg,laserSmall_000
./audio/laserSmall_001.ogg,laserSmall_001
./audio/laserSmall_002.ogg,laserSmall_002
./audio/laserSmall_003.ogg,laserSmall_003
./audio/laserSmall_004.ogg,laserSmall_004
./audio/lowFrequency_explosion_000.ogg,lowFrequency_explosion_000
./audio/lowFrequency_explosion_001.ogg,lowFrequency_explosion_001
./audio/open_001.ogg,open_001
./audio/pluck_001.ogg,pluck_001
./audio/pluck_002.ogg,pluck_002
./audio/slime_000.ogg,slime_000
./audio/slime_001.ogg,slime_001
./audio/spaceEngine_000.ogg,spaceEngine_000
./audio/spaceEngine_001.ogg,spaceEngine_001
./audio/spaceEngine_002.ogg,spaceEngine_002
./audio/spaceEngine_003.ogg,spaceEngine_003
./audio/spaceEngineLarge_000.ogg,spaceEngineLarge_000
./audio/spaceEngineLarge_001.ogg,spaceEngineLarge_001
./audio/spaceEngineLarge_002.ogg,spaceEngineLarge_002
./audio/spaceEngineLarge_003.ogg,spaceEngineLarge_003
./audio/spaceEngineLarge_004.ogg,spaceEngineLarge_004
./audio/spaceEngineLow_000.ogg,spaceEngineLow_000
./audio/spaceEngineLow_001.ogg,spaceEngineLow_001
./audio/spaceEngineLow_002.ogg,spaceEngineLow_002
./audio/spaceEngineLow_003.ogg,spaceEngineLow_003
./audio/spaceEngineLow_004.ogg,spaceEngineLow_004
./audio/spaceEngineSmall_000.ogg,spaceEngineSmall_000
./audio/spaceEngineSmall_001.ogg,spaceEngineSmall_001
./audio/spaceEngineSmall_002.ogg,spaceEngineSmall_002
./audio/spaceEngineSmall_003.ogg,spaceEngineSmall_003
./audio/spaceEngineSmall_004.ogg,spaceEngineSmall_004
./audio/thrusterFire_000.ogg,thrusterFire_000
./audio/thrusterFire_001.ogg,thrusterFire_001
./audio/thrusterFire_002.ogg,thrusterFire_002
./audio/thrusterFire_003.ogg,thrusterFire_003
./audio/thrusterFire_004.ogg,thrusterFire_004
./audio/tick_001.ogg,tick_001
./audio/tick_002.ogg,tick_002
./audio/tick_004.ogg,tick_004
